agent_id,origin_nid,destin_nid,hour,quarter,tour_category,person_id
127600,2471,1604,7,0,MANDATORY,127600
127601,2471,2022,7,0,MANDATORY,127601
127602,2471,2050,7,0,MANDATORY,127602
127603,1040,1604,7,0,MANDATORY,127603
127604,1040,2022,7,0,MANDATORY,127604
127605,1040,2050,7,0,MANDATORY,127605
127606,2357,1604,7,0,MANDATORY,127606
127607,2357,2022,7,0,MANDATORY,127607
127608,2357,2050,7,0,MANDATORY,127608
127609,1784,1604,7,0,MANDATORY,127609
127610,1784,2022,7,0,MANDATORY,127610
127611,1784,2050,7,0,MANDATORY,127611
127612,1152,1604,7,0,MANDATORY,127612
127613,1152,2022,7,0,MANDATORY,127613
127614,1152,2050,7,0,MANDATORY,127614
127615,2263,1604,7,0,MANDATORY,127615
127616,2263,2022,7,0,MANDATORY,127616
127617,2263,2050,7,0,MANDATORY,127617
127618,2263,1604,7,0,MANDATORY,127618
127619,2263,2022,7,0,MANDATORY,127619
127620,2263,2050,7,0,MANDATORY,127620
127621,2259,1604,7,0,MANDATORY,127621
127622,2259,2022,7,0,MANDATORY,127622
127623,2259,2050,7,0,MANDATORY,127623
127624,1979,1604,7,0,MANDATORY,127624
127625,1979,2022,7,0,MANDATORY,127625
127626,1979,2050,7,0,MANDATORY,127626
127627,2699,1604,7,0,MANDATORY,127627
127628,2699,2022,7,0,MANDATORY,127628
127629,2699,2050,7,0,MANDATORY,127629
127630,1750,1604,7,0,MANDATORY,127630
127631,1750,2022,7,0,MANDATORY,127631
127632,1750,2050,7,0,MANDATORY,127632
127633,1750,1604,7,0,MANDATORY,127633
127634,1750,2022,7,0,MANDATORY,127634
127635,1750,2050,7,0,MANDATORY,127635
127636,1750,1604,7,0,MANDATORY,127636
127637,1750,2022,7,0,MANDATORY,127637
127638,1750,2050,7,0,MANDATORY,127638
127639,1750,1604,7,0,MANDATORY,127639
127640,1750,2022,7,0,MANDATORY,127640
127641,1750,2050,7,0,MANDATORY,127641
127642,1588,1604,7,0,MANDATORY,127642
127643,1588,2022,7,0,MANDATORY,127643
127644,1588,2050,7,0,MANDATORY,127644
127645,1576,1604,7,0,MANDATORY,127645
127646,1576,2022,7,0,MANDATORY,127646
127647,1576,2050,7,0,MANDATORY,127647
127648,1892,1604,7,0,MANDATORY,127648
127649,1892,2022,7,0,MANDATORY,127649
127650,1892,2050,7,0,MANDATORY,127650
127651,2268,1604,7,0,MANDATORY,127651
127652,2268,2022,7,0,MANDATORY,127652
127653,2268,2050,7,0,MANDATORY,127653
127654,2268,1604,7,0,MANDATORY,127654
127655,2268,2022,7,0,MANDATORY,127655
127656,2268,2050,7,0,MANDATORY,127656
127657,1686,1604,7,0,MANDATORY,127657
127658,1686,2022,7,0,MANDATORY,127658
127659,1686,2050,7,0,MANDATORY,127659
127660,1686,1604,7,0,MANDATORY,127660
127661,1686,2022,7,0,MANDATORY,127661
127662,1686,2050,7,0,MANDATORY,127662
127663,2274,1604,7,0,MANDATORY,127663
127664,2274,2022,7,0,MANDATORY,127664
127665,2274,2050,7,0,MANDATORY,127665
127666,1049,1604,7,0,MANDATORY,127666
127667,1049,2022,7,0,MANDATORY,127667
127668,1049,2050,7,0,MANDATORY,127668
127669,1690,1604,7,0,MANDATORY,127669
127670,1690,2022,7,0,MANDATORY,127670
127671,1690,2050,7,0,MANDATORY,127671
127672,1692,1604,7,0,MANDATORY,127672
127673,1692,2022,7,0,MANDATORY,127673
127674,1692,2050,7,0,MANDATORY,127674
127675,135,1604,7,0,MANDATORY,127675
127676,135,2022,7,0,MANDATORY,127676
127677,135,2050,7,0,MANDATORY,127677
127678,1712,1604,7,0,MANDATORY,127678
127679,1712,2022,7,0,MANDATORY,127679
127680,1712,2050,7,0,MANDATORY,127680
127681,1059,1604,7,0,MANDATORY,127681
127682,1059,2022,7,0,MANDATORY,127682
127683,1059,2050,7,0,MANDATORY,127683
127684,1766,1604,7,0,MANDATORY,127684
127685,1766,2022,7,0,MANDATORY,127685
127686,1766,2050,7,0,MANDATORY,127686
127687,610,1604,7,0,MANDATORY,127687
127688,610,2022,7,0,MANDATORY,127688
127689,610,2050,7,0,MANDATORY,127689
127690,983,1604,7,0,MANDATORY,127690
127691,983,2022,7,0,MANDATORY,127691
127692,983,2050,7,0,MANDATORY,127692
127693,1731,1604,7,0,MANDATORY,127693
127694,1731,2022,7,0,MANDATORY,127694
127695,1731,2050,7,0,MANDATORY,127695
127696,1731,1604,7,0,MANDATORY,127696
127697,1731,2022,7,0,MANDATORY,127697
127698,1731,2050,7,0,MANDATORY,127698
127699,1731,1604,7,0,MANDATORY,127699
127700,1731,2022,7,0,MANDATORY,127700
127701,1731,2050,7,0,MANDATORY,127701
127702,283,1604,7,0,MANDATORY,127702
127703,283,2022,7,0,MANDATORY,127703
127704,283,2050,7,0,MANDATORY,127704
127705,283,1604,7,0,MANDATORY,127705
127706,283,2022,7,0,MANDATORY,127706
127707,283,2050,7,0,MANDATORY,127707
127708,283,1604,7,0,MANDATORY,127708
127709,283,2022,7,0,MANDATORY,127709
127710,283,2050,7,0,MANDATORY,127710
127711,283,1604,7,0,MANDATORY,127711
127712,283,2022,7,0,MANDATORY,127712
127713,283,2050,7,0,MANDATORY,127713
127714,283,1604,7,0,MANDATORY,127714
127715,283,2022,7,0,MANDATORY,127715
127716,283,2050,7,0,MANDATORY,127716
127717,9,1604,7,0,MANDATORY,127717
127718,9,2022,7,0,MANDATORY,127718
127719,9,2050,7,0,MANDATORY,127719
127720,9,1604,7,0,MANDATORY,127720
127721,9,2022,7,0,MANDATORY,127721
127722,9,2050,7,0,MANDATORY,127722
127723,9,1604,7,0,MANDATORY,127723
127724,9,2022,7,0,MANDATORY,127724
127725,9,2050,7,0,MANDATORY,127725
127726,132,1604,7,0,MANDATORY,127726
127727,132,2022,7,0,MANDATORY,127727
127728,132,2050,7,0,MANDATORY,127728
127729,1830,1604,7,0,MANDATORY,127729
127730,1830,2022,7,0,MANDATORY,127730
127731,1830,2050,7,0,MANDATORY,127731
127732,993,1604,7,0,MANDATORY,127732
127733,993,2022,7,0,MANDATORY,127733
127734,993,2050,7,0,MANDATORY,127734
127735,993,1604,7,0,MANDATORY,127735
127736,993,2022,7,0,MANDATORY,127736
127737,993,2050,7,0,MANDATORY,127737
127738,993,1604,7,0,MANDATORY,127738
127739,993,2022,7,0,MANDATORY,127739
127740,993,2050,7,0,MANDATORY,127740
127741,121,1604,7,0,MANDATORY,127741
127742,121,2022,7,0,MANDATORY,127742
127743,121,2050,7,0,MANDATORY,127743
127744,1604,1604,7,0,MANDATORY,127744
127745,1604,2022,7,0,MANDATORY,127745
127746,1604,2050,7,0,MANDATORY,127746
127747,1696,1604,7,0,MANDATORY,127747
127748,1696,2022,7,0,MANDATORY,127748
127749,1696,2050,7,0,MANDATORY,127749
127750,1696,1604,7,0,MANDATORY,127750
127751,1696,2022,7,0,MANDATORY,127751
127752,1696,2050,7,0,MANDATORY,127752
127753,2664,1604,7,0,MANDATORY,127753
127754,2664,2022,7,0,MANDATORY,127754
127755,2664,2050,7,0,MANDATORY,127755
127756,1695,1604,7,0,MANDATORY,127756
127757,1695,2022,7,0,MANDATORY,127757
127758,1695,2050,7,0,MANDATORY,127758
127759,553,1604,7,0,MANDATORY,127759
127760,553,2022,7,0,MANDATORY,127760
127761,553,2050,7,0,MANDATORY,127761
127762,93,1604,7,0,MANDATORY,127762
127763,93,2022,7,0,MANDATORY,127763
127764,93,2050,7,0,MANDATORY,127764
127765,93,1604,7,0,MANDATORY,127765
127766,93,2022,7,0,MANDATORY,127766
127767,93,2050,7,0,MANDATORY,127767
127768,1063,1604,7,0,MANDATORY,127768
127769,1063,2022,7,0,MANDATORY,127769
127770,1063,2050,7,0,MANDATORY,127770
127771,10,1604,7,0,MANDATORY,127771
127772,10,2022,7,0,MANDATORY,127772
127773,10,2050,7,0,MANDATORY,127773
127774,10,1604,7,0,MANDATORY,127774
127775,10,2022,7,0,MANDATORY,127775
127776,10,2050,7,0,MANDATORY,127776
127777,1681,1604,7,0,MANDATORY,127777
127778,1681,2022,7,0,MANDATORY,127778
127779,1681,2050,7,0,MANDATORY,127779
127780,27,1604,7,0,MANDATORY,127780
127781,27,2022,7,0,MANDATORY,127781
127782,27,2050,7,0,MANDATORY,127782
127783,1968,1604,7,0,MANDATORY,127783
127784,1968,2022,7,0,MANDATORY,127784
127785,1968,2050,7,0,MANDATORY,127785
127786,1968,1604,7,0,MANDATORY,127786
127787,1968,2022,7,0,MANDATORY,127787
127788,1968,2050,7,0,MANDATORY,127788
127789,2105,1604,7,0,MANDATORY,127789
127790,2105,2022,7,0,MANDATORY,127790
127791,2105,2050,7,0,MANDATORY,127791
127792,2105,1604,7,0,MANDATORY,127792
127793,2105,2022,7,0,MANDATORY,127793
127794,2105,2050,7,0,MANDATORY,127794
127795,2106,1604,7,0,MANDATORY,127795
127796,2106,2022,7,0,MANDATORY,127796
127797,2106,2050,7,0,MANDATORY,127797
127798,2106,1604,7,0,MANDATORY,127798
127799,2106,2022,7,0,MANDATORY,127799
127800,2106,2050,7,0,MANDATORY,127800
127801,2106,1604,7,0,MANDATORY,127801
127802,2106,2022,7,0,MANDATORY,127802
127803,2106,2050,7,0,MANDATORY,127803
127804,2106,1604,7,0,MANDATORY,127804
127805,2106,2022,7,0,MANDATORY,127805
127806,2106,2050,7,0,MANDATORY,127806
127807,2106,1604,7,0,MANDATORY,127807
127808,2106,2022,7,0,MANDATORY,127808
127809,2106,2050,7,0,MANDATORY,127809
127810,2106,1604,7,0,MANDATORY,127810
127811,2106,2022,7,0,MANDATORY,127811
127812,2106,2050,7,0,MANDATORY,127812
127813,2106,1604,7,0,MANDATORY,127813
127814,2106,2022,7,0,MANDATORY,127814
127815,2106,2050,7,0,MANDATORY,127815
127816,2106,1604,7,0,MANDATORY,127816
127817,2106,2022,7,0,MANDATORY,127817
127818,2106,2050,7,0,MANDATORY,127818
127819,2106,1604,7,0,MANDATORY,127819
127820,2106,2022,7,0,MANDATORY,127820
127821,2106,2050,7,0,MANDATORY,127821
127822,2106,1604,7,0,MANDATORY,127822
127823,2106,2022,7,0,MANDATORY,127823
127824,2106,2050,7,0,MANDATORY,127824
127825,1729,1604,7,0,MANDATORY,127825
127826,1729,2022,7,0,MANDATORY,127826
127827,1729,2050,7,0,MANDATORY,127827
127828,2471,1604,7,0,MANDATORY,127828
127829,2471,2022,7,0,MANDATORY,127829
127830,2471,2050,7,0,MANDATORY,127830
127831,1040,1604,7,0,MANDATORY,127831
127832,1040,2022,7,0,MANDATORY,127832
127833,1040,2050,7,0,MANDATORY,127833
127834,2357,1604,7,0,MANDATORY,127834
127835,2357,2022,7,0,MANDATORY,127835
127836,2357,2050,7,0,MANDATORY,127836
127837,1784,1604,7,0,MANDATORY,127837
127838,1784,2022,7,0,MANDATORY,127838
127839,1784,2050,7,0,MANDATORY,127839
127840,1152,1604,7,0,MANDATORY,127840
127841,1152,2022,7,0,MANDATORY,127841
127842,1152,2050,7,0,MANDATORY,127842
127843,2263,1604,7,0,MANDATORY,127843
127844,2263,2022,7,0,MANDATORY,127844
127845,2263,2050,7,0,MANDATORY,127845
127846,2263,1604,7,0,MANDATORY,127846
127847,2263,2022,7,0,MANDATORY,127847
127848,2263,2050,7,0,MANDATORY,127848
127849,2259,1604,7,0,MANDATORY,127849
127850,2259,2022,7,0,MANDATORY,127850
127851,2259,2050,7,0,MANDATORY,127851
127852,1979,1604,7,0,MANDATORY,127852
127853,1979,2022,7,0,MANDATORY,127853
127854,1979,2050,7,0,MANDATORY,127854
127855,2699,1604,7,0,MANDATORY,127855
127856,2699,2022,7,0,MANDATORY,127856
127857,2699,2050,7,0,MANDATORY,127857
127858,1750,1604,7,0,MANDATORY,127858
127859,1750,2022,7,0,MANDATORY,127859
127860,1750,2050,7,0,MANDATORY,127860
127861,1750,1604,7,0,MANDATORY,127861
127862,1750,2022,7,0,MANDATORY,127862
127863,1750,2050,7,0,MANDATORY,127863
127864,1750,1604,7,0,MANDATORY,127864
127865,1750,2022,7,0,MANDATORY,127865
127866,1750,2050,7,0,MANDATORY,127866
127867,1750,1604,7,0,MANDATORY,127867
127868,1750,2022,7,0,MANDATORY,127868
127869,1750,2050,7,0,MANDATORY,127869
127870,1588,1604,7,0,MANDATORY,127870
127871,1588,2022,7,0,MANDATORY,127871
127872,1588,2050,7,0,MANDATORY,127872
127873,1576,1604,7,0,MANDATORY,127873
127874,1576,2022,7,0,MANDATORY,127874
127875,1576,2050,7,0,MANDATORY,127875
127876,1892,1604,7,0,MANDATORY,127876
127877,1892,2022,7,0,MANDATORY,127877
127878,1892,2050,7,0,MANDATORY,127878
127879,2268,1604,7,0,MANDATORY,127879
127880,2268,2022,7,0,MANDATORY,127880
127881,2268,2050,7,0,MANDATORY,127881
127882,2268,1604,7,0,MANDATORY,127882
127883,2268,2022,7,0,MANDATORY,127883
127884,2268,2050,7,0,MANDATORY,127884
127885,1686,1604,7,0,MANDATORY,127885
127886,1686,2022,7,0,MANDATORY,127886
127887,1686,2050,7,0,MANDATORY,127887
127888,1686,1604,7,0,MANDATORY,127888
127889,1686,2022,7,0,MANDATORY,127889
127890,1686,2050,7,0,MANDATORY,127890
127891,2274,1604,7,0,MANDATORY,127891
127892,2274,2022,7,0,MANDATORY,127892
127893,2274,2050,7,0,MANDATORY,127893
127894,1049,1604,7,0,MANDATORY,127894
127895,1049,2022,7,0,MANDATORY,127895
127896,1049,2050,7,0,MANDATORY,127896
127897,1690,1604,7,0,MANDATORY,127897
127898,1690,2022,7,0,MANDATORY,127898
127899,1690,2050,7,0,MANDATORY,127899
127900,1692,1604,7,0,MANDATORY,127900
127901,1692,2022,7,0,MANDATORY,127901
127902,1692,2050,7,0,MANDATORY,127902
127903,135,1604,7,0,MANDATORY,127903
127904,135,2022,7,0,MANDATORY,127904
127905,135,2050,7,0,MANDATORY,127905
127906,1712,1604,7,0,MANDATORY,127906
127907,1712,2022,7,0,MANDATORY,127907
127908,1712,2050,7,0,MANDATORY,127908
127909,1059,1604,7,0,MANDATORY,127909
127910,1059,2022,7,0,MANDATORY,127910
127911,1059,2050,7,0,MANDATORY,127911
127912,1766,1604,7,0,MANDATORY,127912
127913,1766,2022,7,0,MANDATORY,127913
127914,1766,2050,7,0,MANDATORY,127914
127915,610,1604,7,0,MANDATORY,127915
127916,610,2022,7,0,MANDATORY,127916
127917,610,2050,7,0,MANDATORY,127917
127918,983,1604,7,0,MANDATORY,127918
127919,983,2022,7,0,MANDATORY,127919
127920,983,2050,7,0,MANDATORY,127920
127921,1731,1604,7,0,MANDATORY,127921
127922,1731,2022,7,0,MANDATORY,127922
127923,1731,2050,7,0,MANDATORY,127923
127924,1731,1604,7,0,MANDATORY,127924
127925,1731,2022,7,0,MANDATORY,127925
127926,1731,2050,7,0,MANDATORY,127926
127927,1731,1604,7,0,MANDATORY,127927
127928,1731,2022,7,0,MANDATORY,127928
127929,1731,2050,7,0,MANDATORY,127929
127930,283,1604,7,0,MANDATORY,127930
127931,283,2022,7,0,MANDATORY,127931
127932,283,2050,7,0,MANDATORY,127932
127933,283,1604,7,0,MANDATORY,127933
127934,283,2022,7,0,MANDATORY,127934
127935,283,2050,7,0,MANDATORY,127935
127936,283,1604,7,0,MANDATORY,127936
127937,283,2022,7,0,MANDATORY,127937
127938,283,2050,7,0,MANDATORY,127938
127939,283,1604,7,0,MANDATORY,127939
127940,283,2022,7,0,MANDATORY,127940
127941,283,2050,7,0,MANDATORY,127941
127942,283,1604,7,0,MANDATORY,127942
127943,283,2022,7,0,MANDATORY,127943
127944,283,2050,7,0,MANDATORY,127944
127945,9,1604,7,0,MANDATORY,127945
127946,9,2022,7,0,MANDATORY,127946
127947,9,2050,7,0,MANDATORY,127947
127948,9,1604,7,0,MANDATORY,127948
127949,9,2022,7,0,MANDATORY,127949
127950,9,2050,7,0,MANDATORY,127950
127951,9,1604,7,0,MANDATORY,127951
127952,9,2022,7,0,MANDATORY,127952
127953,9,2050,7,0,MANDATORY,127953
127954,132,1604,7,0,MANDATORY,127954
127955,132,2022,7,0,MANDATORY,127955
127956,132,2050,7,0,MANDATORY,127956
127957,1830,1604,7,0,MANDATORY,127957
127958,1830,2022,7,0,MANDATORY,127958
127959,1830,2050,7,0,MANDATORY,127959
127960,993,1604,7,0,MANDATORY,127960
127961,993,2022,7,0,MANDATORY,127961
127962,993,2050,7,0,MANDATORY,127962
127963,993,1604,7,0,MANDATORY,127963
127964,993,2022,7,0,MANDATORY,127964
127965,993,2050,7,0,MANDATORY,127965
127966,993,1604,7,0,MANDATORY,127966
127967,993,2022,7,0,MANDATORY,127967
127968,993,2050,7,0,MANDATORY,127968
127969,121,1604,7,0,MANDATORY,127969
127970,121,2022,7,0,MANDATORY,127970
127971,121,2050,7,0,MANDATORY,127971
127972,1604,1604,7,0,MANDATORY,127972
127973,1604,2022,7,0,MANDATORY,127973
127974,1604,2050,7,0,MANDATORY,127974
127975,1696,1604,7,0,MANDATORY,127975
127976,1696,2022,7,0,MANDATORY,127976
127977,1696,2050,7,0,MANDATORY,127977
127978,1696,1604,7,0,MANDATORY,127978
127979,1696,2022,7,0,MANDATORY,127979
127980,1696,2050,7,0,MANDATORY,127980
127981,2664,1604,7,0,MANDATORY,127981
127982,2664,2022,7,0,MANDATORY,127982
127983,2664,2050,7,0,MANDATORY,127983
127984,1695,1604,7,0,MANDATORY,127984
127985,1695,2022,7,0,MANDATORY,127985
127986,1695,2050,7,0,MANDATORY,127986
127987,553,1604,7,0,MANDATORY,127987
127988,553,2022,7,0,MANDATORY,127988
127989,553,2050,7,0,MANDATORY,127989
127990,93,1604,7,0,MANDATORY,127990
127991,93,2022,7,0,MANDATORY,127991
127992,93,2050,7,0,MANDATORY,127992
127993,93,1604,7,0,MANDATORY,127993
127994,93,2022,7,0,MANDATORY,127994
127995,93,2050,7,0,MANDATORY,127995
127996,1063,1604,7,0,MANDATORY,127996
127997,1063,2022,7,0,MANDATORY,127997
127998,1063,2050,7,0,MANDATORY,127998
127999,10,1604,7,0,MANDATORY,127999
128000,10,2022,7,0,MANDATORY,128000
128001,10,2050,7,0,MANDATORY,128001
128002,10,1604,7,0,MANDATORY,128002
128003,10,2022,7,0,MANDATORY,128003
128004,10,2050,7,0,MANDATORY,128004
128005,1681,1604,7,0,MANDATORY,128005
128006,1681,2022,7,0,MANDATORY,128006
128007,1681,2050,7,0,MANDATORY,128007
128008,27,1604,7,0,MANDATORY,128008
128009,27,2022,7,0,MANDATORY,128009
128010,27,2050,7,0,MANDATORY,128010
128011,1968,1604,7,0,MANDATORY,128011
128012,1968,2022,7,0,MANDATORY,128012
128013,1968,2050,7,0,MANDATORY,128013
128014,1968,1604,7,0,MANDATORY,128014
128015,1968,2022,7,0,MANDATORY,128015
128016,1968,2050,7,0,MANDATORY,128016
128017,2105,1604,7,0,MANDATORY,128017
128018,2105,2022,7,0,MANDATORY,128018
128019,2105,2050,7,0,MANDATORY,128019
128020,2105,1604,7,0,MANDATORY,128020
128021,2105,2022,7,0,MANDATORY,128021
128022,2105,2050,7,0,MANDATORY,128022
128023,2106,1604,7,0,MANDATORY,128023
128024,2106,2022,7,0,MANDATORY,128024
128025,2106,2050,7,0,MANDATORY,128025
128026,2106,1604,7,0,MANDATORY,128026
128027,2106,2022,7,0,MANDATORY,128027
128028,2106,2050,7,0,MANDATORY,128028
128029,2106,1604,7,0,MANDATORY,128029
128030,2106,2022,7,0,MANDATORY,128030
128031,2106,2050,7,0,MANDATORY,128031
128032,2106,1604,7,0,MANDATORY,128032
128033,2106,2022,7,0,MANDATORY,128033
128034,2106,2050,7,0,MANDATORY,128034
128035,2106,1604,7,0,MANDATORY,128035
128036,2106,2022,7,0,MANDATORY,128036
128037,2106,2050,7,0,MANDATORY,128037
128038,2106,1604,7,0,MANDATORY,128038
128039,2106,2022,7,0,MANDATORY,128039
128040,2106,2050,7,0,MANDATORY,128040
128041,2106,1604,7,0,MANDATORY,128041
128042,2106,2022,7,0,MANDATORY,128042
128043,2106,2050,7,0,MANDATORY,128043
128044,2106,1604,7,0,MANDATORY,128044
128045,2106,2022,7,0,MANDATORY,128045
128046,2106,2050,7,0,MANDATORY,128046
128047,2106,1604,7,0,MANDATORY,128047
128048,2106,2022,7,0,MANDATORY,128048
128049,2106,2050,7,0,MANDATORY,128049
128050,2106,1604,7,0,MANDATORY,128050
128051,2106,2022,7,0,MANDATORY,128051
128052,2106,2050,7,0,MANDATORY,128052
128053,1729,1604,7,0,MANDATORY,128053
128054,1729,2022,7,0,MANDATORY,128054
128055,1729,2050,7,0,MANDATORY,128055
128056,2471,1604,7,0,MANDATORY,128056
128057,2471,2022,7,0,MANDATORY,128057
128058,2471,2050,7,0,MANDATORY,128058
128059,1040,1604,7,0,MANDATORY,128059
128060,1040,2022,7,0,MANDATORY,128060
128061,1040,2050,7,0,MANDATORY,128061
128062,2357,1604,7,0,MANDATORY,128062
128063,2357,2022,7,0,MANDATORY,128063
128064,2357,2050,7,0,MANDATORY,128064
128065,1784,1604,7,0,MANDATORY,128065
128066,1784,2022,7,0,MANDATORY,128066
128067,1784,2050,7,0,MANDATORY,128067
128068,1152,1604,7,0,MANDATORY,128068
128069,1152,2022,7,0,MANDATORY,128069
128070,1152,2050,7,0,MANDATORY,128070
128071,2263,1604,7,0,MANDATORY,128071
128072,2263,2022,7,0,MANDATORY,128072
128073,2263,2050,7,0,MANDATORY,128073
128074,2263,1604,7,0,MANDATORY,128074
128075,2263,2022,7,0,MANDATORY,128075
128076,2263,2050,7,0,MANDATORY,128076
128077,2259,1604,7,0,MANDATORY,128077
128078,2259,2022,7,0,MANDATORY,128078
128079,2259,2050,7,0,MANDATORY,128079
128080,1979,1604,7,0,MANDATORY,128080
128081,1979,2022,7,0,MANDATORY,128081
128082,1979,2050,7,0,MANDATORY,128082
128083,2699,1604,7,0,MANDATORY,128083
128084,2699,2022,7,0,MANDATORY,128084
128085,2699,2050,7,0,MANDATORY,128085
128086,1750,1604,7,0,MANDATORY,128086
128087,1750,2022,7,0,MANDATORY,128087
128088,1750,2050,7,0,MANDATORY,128088
128089,1750,1604,7,0,MANDATORY,128089
128090,1750,2022,7,0,MANDATORY,128090
128091,1750,2050,7,0,MANDATORY,128091
128092,1750,1604,7,0,MANDATORY,128092
128093,1750,2022,7,0,MANDATORY,128093
128094,1750,2050,7,0,MANDATORY,128094
128095,1750,1604,7,0,MANDATORY,128095
128096,1750,2022,7,0,MANDATORY,128096
128097,1750,2050,7,0,MANDATORY,128097
128098,1588,1604,7,0,MANDATORY,128098
128099,1588,2022,7,0,MANDATORY,128099
128100,1588,2050,7,0,MANDATORY,128100
128101,1576,1604,7,0,MANDATORY,128101
128102,1576,2022,7,0,MANDATORY,128102
128103,1576,2050,7,0,MANDATORY,128103
128104,1892,1604,7,0,MANDATORY,128104
128105,1892,2022,7,0,MANDATORY,128105
128106,1892,2050,7,0,MANDATORY,128106
128107,2268,1604,7,0,MANDATORY,128107
128108,2268,2022,7,0,MANDATORY,128108
128109,2268,2050,7,0,MANDATORY,128109
128110,2268,1604,7,0,MANDATORY,128110
128111,2268,2022,7,0,MANDATORY,128111
128112,2268,2050,7,0,MANDATORY,128112
128113,1686,1604,7,0,MANDATORY,128113
128114,1686,2022,7,0,MANDATORY,128114
128115,1686,2050,7,0,MANDATORY,128115
128116,1686,1604,7,0,MANDATORY,128116
128117,1686,2022,7,0,MANDATORY,128117
128118,1686,2050,7,0,MANDATORY,128118
128119,2274,1604,7,0,MANDATORY,128119
128120,2274,2022,7,0,MANDATORY,128120
128121,2274,2050,7,0,MANDATORY,128121
128122,1049,1604,7,0,MANDATORY,128122
128123,1049,2022,7,0,MANDATORY,128123
128124,1049,2050,7,0,MANDATORY,128124
128125,1690,1604,7,0,MANDATORY,128125
128126,1690,2022,7,0,MANDATORY,128126
128127,1690,2050,7,0,MANDATORY,128127
128128,1692,1604,7,0,MANDATORY,128128
128129,1692,2022,7,0,MANDATORY,128129
128130,1692,2050,7,0,MANDATORY,128130
128131,135,1604,7,0,MANDATORY,128131
128132,135,2022,7,0,MANDATORY,128132
128133,135,2050,7,0,MANDATORY,128133
128134,1712,1604,7,0,MANDATORY,128134
128135,1712,2022,7,0,MANDATORY,128135
128136,1712,2050,7,0,MANDATORY,128136
128137,1059,1604,7,0,MANDATORY,128137
128138,1059,2022,7,0,MANDATORY,128138
128139,1059,2050,7,0,MANDATORY,128139
128140,1766,1604,7,0,MANDATORY,128140
128141,1766,2022,7,0,MANDATORY,128141
128142,1766,2050,7,0,MANDATORY,128142
128143,610,1604,7,0,MANDATORY,128143
128144,610,2022,7,0,MANDATORY,128144
128145,610,2050,7,0,MANDATORY,128145
128146,983,1604,7,0,MANDATORY,128146
128147,983,2022,7,0,MANDATORY,128147
128148,983,2050,7,0,MANDATORY,128148
128149,1731,1604,7,0,MANDATORY,128149
128150,1731,2022,7,0,MANDATORY,128150
128151,1731,2050,7,0,MANDATORY,128151
128152,1731,1604,7,0,MANDATORY,128152
128153,1731,2022,7,0,MANDATORY,128153
128154,1731,2050,7,0,MANDATORY,128154
128155,1731,1604,7,0,MANDATORY,128155
128156,1731,2022,7,0,MANDATORY,128156
128157,1731,2050,7,0,MANDATORY,128157
128158,283,1604,7,0,MANDATORY,128158
128159,283,2022,7,0,MANDATORY,128159
128160,283,2050,7,0,MANDATORY,128160
128161,283,1604,7,0,MANDATORY,128161
128162,283,2022,7,0,MANDATORY,128162
128163,283,2050,7,0,MANDATORY,128163
128164,283,1604,7,0,MANDATORY,128164
128165,283,2022,7,0,MANDATORY,128165
128166,283,2050,7,0,MANDATORY,128166
128167,283,1604,7,0,MANDATORY,128167
128168,283,2022,7,0,MANDATORY,128168
128169,283,2050,7,0,MANDATORY,128169
128170,283,1604,7,0,MANDATORY,128170
128171,283,2022,7,0,MANDATORY,128171
128172,283,2050,7,0,MANDATORY,128172
128173,9,1604,7,0,MANDATORY,128173
128174,9,2022,7,0,MANDATORY,128174
128175,9,2050,7,0,MANDATORY,128175
128176,9,1604,7,0,MANDATORY,128176
128177,9,2022,7,0,MANDATORY,128177
128178,9,2050,7,0,MANDATORY,128178
128179,9,1604,7,0,MANDATORY,128179
128180,9,2022,7,0,MANDATORY,128180
128181,9,2050,7,0,MANDATORY,128181
128182,132,1604,7,0,MANDATORY,128182
128183,132,2022,7,0,MANDATORY,128183
128184,132,2050,7,0,MANDATORY,128184
128185,1830,1604,7,0,MANDATORY,128185
128186,1830,2022,7,0,MANDATORY,128186
128187,1830,2050,7,0,MANDATORY,128187
128188,993,1604,7,0,MANDATORY,128188
128189,993,2022,7,0,MANDATORY,128189
128190,993,2050,7,0,MANDATORY,128190
128191,993,1604,7,0,MANDATORY,128191
128192,993,2022,7,0,MANDATORY,128192
128193,993,2050,7,0,MANDATORY,128193
128194,993,1604,7,0,MANDATORY,128194
128195,993,2022,7,0,MANDATORY,128195
128196,993,2050,7,0,MANDATORY,128196
128197,121,1604,7,0,MANDATORY,128197
128198,121,2022,7,0,MANDATORY,128198
128199,121,2050,7,0,MANDATORY,128199
128200,1604,1604,7,0,MANDATORY,128200
128201,1604,2022,7,0,MANDATORY,128201
128202,1604,2050,7,0,MANDATORY,128202
128203,1696,1604,7,0,MANDATORY,128203
128204,1696,2022,7,0,MANDATORY,128204
128205,1696,2050,7,0,MANDATORY,128205
128206,1696,1604,7,0,MANDATORY,128206
128207,1696,2022,7,0,MANDATORY,128207
128208,1696,2050,7,0,MANDATORY,128208
128209,2664,1604,7,0,MANDATORY,128209
128210,2664,2022,7,0,MANDATORY,128210
128211,2664,2050,7,0,MANDATORY,128211
128212,1695,1604,7,0,MANDATORY,128212
128213,1695,2022,7,0,MANDATORY,128213
128214,1695,2050,7,0,MANDATORY,128214
128215,553,1604,7,0,MANDATORY,128215
128216,553,2022,7,0,MANDATORY,128216
128217,553,2050,7,0,MANDATORY,128217
128218,93,1604,7,0,MANDATORY,128218
128219,93,2022,7,0,MANDATORY,128219
128220,93,2050,7,0,MANDATORY,128220
128221,93,1604,7,0,MANDATORY,128221
128222,93,2022,7,0,MANDATORY,128222
128223,93,2050,7,0,MANDATORY,128223
128224,1063,1604,7,0,MANDATORY,128224
128225,1063,2022,7,0,MANDATORY,128225
128226,1063,2050,7,0,MANDATORY,128226
128227,10,1604,7,0,MANDATORY,128227
128228,10,2022,7,0,MANDATORY,128228
128229,10,2050,7,0,MANDATORY,128229
128230,10,1604,7,0,MANDATORY,128230
128231,10,2022,7,0,MANDATORY,128231
128232,10,2050,7,0,MANDATORY,128232
128233,1681,1604,7,0,MANDATORY,128233
128234,1681,2022,7,0,MANDATORY,128234
128235,1681,2050,7,0,MANDATORY,128235
128236,27,1604,7,0,MANDATORY,128236
128237,27,2022,7,0,MANDATORY,128237
128238,27,2050,7,0,MANDATORY,128238
128239,1968,1604,7,0,MANDATORY,128239
128240,1968,2022,7,0,MANDATORY,128240
128241,1968,2050,7,0,MANDATORY,128241
128242,1968,1604,7,0,MANDATORY,128242
128243,1968,2022,7,0,MANDATORY,128243
128244,1968,2050,7,0,MANDATORY,128244
128245,2105,1604,7,0,MANDATORY,128245
128246,2105,2022,7,0,MANDATORY,128246
128247,2105,2050,7,0,MANDATORY,128247
128248,2105,1604,7,0,MANDATORY,128248
128249,2105,2022,7,0,MANDATORY,128249
128250,2105,2050,7,0,MANDATORY,128250
128251,2106,1604,7,0,MANDATORY,128251
128252,2106,2022,7,0,MANDATORY,128252
128253,2106,2050,7,0,MANDATORY,128253
128254,2106,1604,7,0,MANDATORY,128254
128255,2106,2022,7,0,MANDATORY,128255
128256,2106,2050,7,0,MANDATORY,128256
128257,2106,1604,7,0,MANDATORY,128257
128258,2106,2022,7,0,MANDATORY,128258
128259,2106,2050,7,0,MANDATORY,128259
128260,2106,1604,7,0,MANDATORY,128260
128261,2106,2022,7,0,MANDATORY,128261
128262,2106,2050,7,0,MANDATORY,128262
128263,2106,1604,7,0,MANDATORY,128263
128264,2106,2022,7,0,MANDATORY,128264
128265,2106,2050,7,0,MANDATORY,128265
128266,2106,1604,7,0,MANDATORY,128266
128267,2106,2022,7,0,MANDATORY,128267
128268,2106,2050,7,0,MANDATORY,128268
128269,2106,1604,7,0,MANDATORY,128269
128270,2106,2022,7,0,MANDATORY,128270
128271,2106,2050,7,0,MANDATORY,128271
128272,2106,1604,7,0,MANDATORY,128272
128273,2106,2022,7,0,MANDATORY,128273
128274,2106,2050,7,0,MANDATORY,128274
128275,2106,1604,7,0,MANDATORY,128275
128276,2106,2022,7,0,MANDATORY,128276
128277,2106,2050,7,0,MANDATORY,128277
128278,2106,1604,7,0,MANDATORY,128278
128279,2106,2022,7,0,MANDATORY,128279
128280,2106,2050,7,0,MANDATORY,128280
128281,1729,1604,7,0,MANDATORY,128281
128282,1729,2022,7,0,MANDATORY,128282
128283,1729,2050,7,0,MANDATORY,128283
128284,2471,1604,7,0,MANDATORY,128284
128285,2471,2022,7,0,MANDATORY,128285
128286,2471,2050,7,0,MANDATORY,128286
128287,1040,1604,7,0,MANDATORY,128287
128288,1040,2022,7,0,MANDATORY,128288
128289,1040,2050,7,0,MANDATORY,128289
128290,2357,1604,7,0,MANDATORY,128290
128291,2357,2022,7,0,MANDATORY,128291
128292,2357,2050,7,0,MANDATORY,128292
128293,1784,1604,7,0,MANDATORY,128293
128294,1784,2022,7,0,MANDATORY,128294
128295,1784,2050,7,0,MANDATORY,128295
128296,1152,1604,7,0,MANDATORY,128296
128297,1152,2022,7,0,MANDATORY,128297
128298,1152,2050,7,0,MANDATORY,128298
128299,2263,1604,7,0,MANDATORY,128299
128300,2263,2022,7,0,MANDATORY,128300
128301,2263,2050,7,0,MANDATORY,128301
128302,2263,1604,7,0,MANDATORY,128302
128303,2263,2022,7,0,MANDATORY,128303
128304,2263,2050,7,0,MANDATORY,128304
128305,2259,1604,7,0,MANDATORY,128305
128306,2259,2022,7,0,MANDATORY,128306
128307,2259,2050,7,0,MANDATORY,128307
128308,1979,1604,7,0,MANDATORY,128308
128309,1979,2022,7,0,MANDATORY,128309
128310,1979,2050,7,0,MANDATORY,128310
128311,2699,1604,7,0,MANDATORY,128311
128312,2699,2022,7,0,MANDATORY,128312
128313,2699,2050,7,0,MANDATORY,128313
128314,1750,1604,7,0,MANDATORY,128314
128315,1750,2022,7,0,MANDATORY,128315
128316,1750,2050,7,0,MANDATORY,128316
128317,1750,1604,7,0,MANDATORY,128317
128318,1750,2022,7,0,MANDATORY,128318
128319,1750,2050,7,0,MANDATORY,128319
128320,1750,1604,7,0,MANDATORY,128320
128321,1750,2022,7,0,MANDATORY,128321
128322,1750,2050,7,0,MANDATORY,128322
128323,1750,1604,7,0,MANDATORY,128323
128324,1750,2022,7,0,MANDATORY,128324
128325,1750,2050,7,0,MANDATORY,128325
128326,1588,1604,7,0,MANDATORY,128326
128327,1588,2022,7,0,MANDATORY,128327
128328,1588,2050,7,0,MANDATORY,128328
128329,1576,1604,7,0,MANDATORY,128329
128330,1576,2022,7,0,MANDATORY,128330
128331,1576,2050,7,0,MANDATORY,128331
128332,1892,1604,7,0,MANDATORY,128332
128333,1892,2022,7,0,MANDATORY,128333
128334,1892,2050,7,0,MANDATORY,128334
128335,2268,1604,7,0,MANDATORY,128335
128336,2268,2022,7,0,MANDATORY,128336
128337,2268,2050,7,0,MANDATORY,128337
128338,2268,1604,7,0,MANDATORY,128338
128339,2268,2022,7,0,MANDATORY,128339
128340,2268,2050,7,0,MANDATORY,128340
128341,1686,1604,7,0,MANDATORY,128341
128342,1686,2022,7,0,MANDATORY,128342
128343,1686,2050,7,0,MANDATORY,128343
128344,1686,1604,7,0,MANDATORY,128344
128345,1686,2022,7,0,MANDATORY,128345
128346,1686,2050,7,0,MANDATORY,128346
128347,2274,1604,7,0,MANDATORY,128347
128348,2274,2022,7,0,MANDATORY,128348
128349,2274,2050,7,0,MANDATORY,128349
128350,1049,1604,7,0,MANDATORY,128350
128351,1049,2022,7,0,MANDATORY,128351
128352,1049,2050,7,0,MANDATORY,128352
128353,1690,1604,7,0,MANDATORY,128353
128354,1690,2022,7,0,MANDATORY,128354
128355,1690,2050,7,0,MANDATORY,128355
128356,1692,1604,7,0,MANDATORY,128356
128357,1692,2022,7,0,MANDATORY,128357
128358,1692,2050,7,0,MANDATORY,128358
128359,135,1604,7,0,MANDATORY,128359
128360,135,2022,7,0,MANDATORY,128360
128361,135,2050,7,0,MANDATORY,128361
128362,1712,1604,7,0,MANDATORY,128362
128363,1712,2022,7,0,MANDATORY,128363
128364,1712,2050,7,0,MANDATORY,128364
128365,1059,1604,7,0,MANDATORY,128365
128366,1059,2022,7,0,MANDATORY,128366
128367,1059,2050,7,0,MANDATORY,128367
128368,1766,1604,7,0,MANDATORY,128368
128369,1766,2022,7,0,MANDATORY,128369
128370,1766,2050,7,0,MANDATORY,128370
128371,610,1604,7,0,MANDATORY,128371
128372,610,2022,7,0,MANDATORY,128372
128373,610,2050,7,0,MANDATORY,128373
128374,983,1604,7,0,MANDATORY,128374
128375,983,2022,7,0,MANDATORY,128375
128376,983,2050,7,0,MANDATORY,128376
128377,1731,1604,7,0,MANDATORY,128377
128378,1731,2022,7,0,MANDATORY,128378
128379,1731,2050,7,0,MANDATORY,128379
128380,1731,1604,7,0,MANDATORY,128380
128381,1731,2022,7,0,MANDATORY,128381
128382,1731,2050,7,0,MANDATORY,128382
128383,1731,1604,7,0,MANDATORY,128383
128384,1731,2022,7,0,MANDATORY,128384
128385,1731,2050,7,0,MANDATORY,128385
128386,283,1604,7,0,MANDATORY,128386
128387,283,2022,7,0,MANDATORY,128387
128388,283,2050,7,0,MANDATORY,128388
128389,283,1604,7,0,MANDATORY,128389
128390,283,2022,7,0,MANDATORY,128390
128391,283,2050,7,0,MANDATORY,128391
128392,283,1604,7,0,MANDATORY,128392
128393,283,2022,7,0,MANDATORY,128393
128394,283,2050,7,0,MANDATORY,128394
128395,283,1604,7,0,MANDATORY,128395
128396,283,2022,7,0,MANDATORY,128396
128397,283,2050,7,0,MANDATORY,128397
128398,283,1604,7,0,MANDATORY,128398
128399,283,2022,7,0,MANDATORY,128399
128400,283,2050,7,0,MANDATORY,128400
128401,9,1604,7,0,MANDATORY,128401
128402,9,2022,7,0,MANDATORY,128402
128403,9,2050,7,0,MANDATORY,128403
128404,9,1604,7,0,MANDATORY,128404
128405,9,2022,7,0,MANDATORY,128405
128406,9,2050,7,0,MANDATORY,128406
128407,9,1604,7,0,MANDATORY,128407
128408,9,2022,7,0,MANDATORY,128408
128409,9,2050,7,0,MANDATORY,128409
128410,132,1604,7,0,MANDATORY,128410
128411,132,2022,7,0,MANDATORY,128411
128412,132,2050,7,0,MANDATORY,128412
128413,1830,1604,7,0,MANDATORY,128413
128414,1830,2022,7,0,MANDATORY,128414
128415,1830,2050,7,0,MANDATORY,128415
128416,993,1604,7,0,MANDATORY,128416
128417,993,2022,7,0,MANDATORY,128417
128418,993,2050,7,0,MANDATORY,128418
128419,993,1604,7,0,MANDATORY,128419
128420,993,2022,7,0,MANDATORY,128420
128421,993,2050,7,0,MANDATORY,128421
128422,993,1604,7,0,MANDATORY,128422
128423,993,2022,7,0,MANDATORY,128423
128424,993,2050,7,0,MANDATORY,128424
128425,121,1604,7,0,MANDATORY,128425
128426,121,2022,7,0,MANDATORY,128426
128427,121,2050,7,0,MANDATORY,128427
128428,1604,1604,7,0,MANDATORY,128428
128429,1604,2022,7,0,MANDATORY,128429
128430,1604,2050,7,0,MANDATORY,128430
128431,1696,1604,7,0,MANDATORY,128431
128432,1696,2022,7,0,MANDATORY,128432
128433,1696,2050,7,0,MANDATORY,128433
128434,1696,1604,7,0,MANDATORY,128434
128435,1696,2022,7,0,MANDATORY,128435
128436,1696,2050,7,0,MANDATORY,128436
128437,2664,1604,7,0,MANDATORY,128437
128438,2664,2022,7,0,MANDATORY,128438
128439,2664,2050,7,0,MANDATORY,128439
128440,1695,1604,7,0,MANDATORY,128440
128441,1695,2022,7,0,MANDATORY,128441
128442,1695,2050,7,0,MANDATORY,128442
128443,553,1604,7,0,MANDATORY,128443
128444,553,2022,7,0,MANDATORY,128444
128445,553,2050,7,0,MANDATORY,128445
128446,93,1604,7,0,MANDATORY,128446
128447,93,2022,7,0,MANDATORY,128447
128448,93,2050,7,0,MANDATORY,128448
128449,93,1604,7,0,MANDATORY,128449
128450,93,2022,7,0,MANDATORY,128450
128451,93,2050,7,0,MANDATORY,128451
128452,1063,1604,7,0,MANDATORY,128452
128453,1063,2022,7,0,MANDATORY,128453
128454,1063,2050,7,0,MANDATORY,128454
128455,10,1604,7,0,MANDATORY,128455
128456,10,2022,7,0,MANDATORY,128456
128457,10,2050,7,0,MANDATORY,128457
128458,10,1604,7,0,MANDATORY,128458
128459,10,2022,7,0,MANDATORY,128459
128460,10,2050,7,0,MANDATORY,128460
128461,1681,1604,7,0,MANDATORY,128461
128462,1681,2022,7,0,MANDATORY,128462
128463,1681,2050,7,0,MANDATORY,128463
128464,27,1604,7,0,MANDATORY,128464
128465,27,2022,7,0,MANDATORY,128465
128466,27,2050,7,0,MANDATORY,128466
128467,1968,1604,7,0,MANDATORY,128467
128468,1968,2022,7,0,MANDATORY,128468
128469,1968,2050,7,0,MANDATORY,128469
128470,1968,1604,7,0,MANDATORY,128470
128471,1968,2022,7,0,MANDATORY,128471
128472,1968,2050,7,0,MANDATORY,128472
128473,2105,1604,7,0,MANDATORY,128473
128474,2105,2022,7,0,MANDATORY,128474
128475,2105,2050,7,0,MANDATORY,128475
128476,2105,1604,7,0,MANDATORY,128476
128477,2105,2022,7,0,MANDATORY,128477
128478,2105,2050,7,0,MANDATORY,128478
128479,2106,1604,7,0,MANDATORY,128479
128480,2106,2022,7,0,MANDATORY,128480
128481,2106,2050,7,0,MANDATORY,128481
128482,2106,1604,7,0,MANDATORY,128482
128483,2106,2022,7,0,MANDATORY,128483
128484,2106,2050,7,0,MANDATORY,128484
128485,2106,1604,7,0,MANDATORY,128485
128486,2106,2022,7,0,MANDATORY,128486
128487,2106,2050,7,0,MANDATORY,128487
128488,2106,1604,7,0,MANDATORY,128488
128489,2106,2022,7,0,MANDATORY,128489
128490,2106,2050,7,0,MANDATORY,128490
128491,2106,1604,7,0,MANDATORY,128491
128492,2106,2022,7,0,MANDATORY,128492
128493,2106,2050,7,0,MANDATORY,128493
128494,2106,1604,7,0,MANDATORY,128494
128495,2106,2022,7,0,MANDATORY,128495
128496,2106,2050,7,0,MANDATORY,128496
128497,2106,1604,7,0,MANDATORY,128497
128498,2106,2022,7,0,MANDATORY,128498
128499,2106,2050,7,0,MANDATORY,128499
128500,2106,1604,7,0,MANDATORY,128500
128501,2106,2022,7,0,MANDATORY,128501
128502,2106,2050,7,0,MANDATORY,128502
128503,2106,1604,7,0,MANDATORY,128503
128504,2106,2022,7,0,MANDATORY,128504
128505,2106,2050,7,0,MANDATORY,128505
128506,2106,1604,7,0,MANDATORY,128506
128507,2106,2022,7,0,MANDATORY,128507
128508,2106,2050,7,0,MANDATORY,128508
128509,1729,1604,7,0,MANDATORY,128509
128510,1729,2022,7,0,MANDATORY,128510
128511,1729,2050,7,0,MANDATORY,128511
